                  epoch,         train/box_loss,         train/cls_loss,         train/dfl_loss,   metrics/precision(B),      metrics/recall(B),       metrics/mAP50(B),    metrics/mAP50-95(B),           val/box_loss,           val/cls_loss,           val/dfl_loss,                 lr/pg0,                 lr/pg1,                 lr/pg2
                      1,                0.79328,                 1.7847,                   1.04,                0.62757,                0.38446,                 0.5108,                0.44908,                0.61163,                  0.841,                0.89491,              0.0033307,              0.0033307,              0.0033307
                      2,                0.78701,                0.98202,                 1.0184,                0.50153,                0.35347,                0.43763,                0.36855,                0.72719,                 1.0284,                0.94856,               0.006631,               0.006631,               0.006631
