                  epoch,         train/box_loss,         train/cls_loss,         train/dfl_loss,   metrics/precision(B),      metrics/recall(B),       metrics/mAP50(B),    metrics/mAP50-95(B),           val/box_loss,           val/cls_loss,           val/dfl_loss,                 lr/pg0,                 lr/pg1,                 lr/pg2
                      1,                0.79328,                 1.7847,                   1.04,                0.67254,                0.41192,                0.54738,                0.48127,                0.62429,                0.84438,                0.90231,              0.0033307,              0.0033307,              0.0033307
                      2,                0.78701,                0.98202,                 1.0184,                0.53742,                0.37872,                0.46885,                0.39473,                0.73692,                 1.0328,                0.95474,               0.006631,               0.006631,               0.006631
                      3,                0.89661,                 1.0842,                 1.0683,                 0.6239,                 0.4208,                0.53723,                 0.4228,                0.87804,                 1.0944,                 1.0312,              0.0098984,              0.0098984,              0.0098984
